url,title,timestamp
https://www.dlsu.edu.ph,De La Salle University,1764658216.005054
https://www.dlsu.edu.ph/inside,Quick Facts and Figures - De La Salle University,1764658216.9880018
https://www.dlsu.edu.ph/inside/vision-mission,Vision-Mission - De La Salle University,1764658217.1052623
https://www.dlsu.edu.ph/about-dlsu,About - De La Salle University,1764658217.138794
https://www.dlsu.edu.ph/smqa,Office of Strategic Management and Quality Assurance - De La Salle University,1764658217.8216445
https://www.dlsu.edu.ph/about-dlsu/ourcorevalues,Our Core Values and Principles - De La Salle University,1764658217.8551116
https://www.dlsu.edu.ph/emeriti,List of Emeriti - De La Salle University,1764658217.87696
https://www.dlsu.edu.ph/code-of-ethics,Code of Ethics - De La Salle University,1764658217.8836951
https://www.dlsu.edu.ph/offices/president,President - De La Salle University,1764658217.9038281
https://www.dlsu.edu.ph/administration,Administration - De La Salle University,1764658217.9260216
https://www.dlsu.edu.ph/university-fellows,University Fellows - De La Salle University,1764658217.9576805
https://www.dlsu.edu.ph/guiding-principles,Guiding Principles of the Philippine Lasallian Family - De La Salle University,1764658218.1688447
https://www.dlsu.edu.ph/university-governance,University Governance - De La Salle University,1764658218.176176
https://www.dlsu.edu.ph/history-and-traditions,History and Traditions - De La Salle University,1764658218.263583
https://www.dlsu.edu.ph/lasallianmission,Lasallian Mission at DLSU - De La Salle University,1764658218.410017
https://www.dlsu.edu.ph/jobs,Jobs - De La Salle University,1764658218.6013212
https://www.dlsu.edu.ph/offices/president/aaro,Advancement and Alumni Relations - De La Salle University,1764658218.7188687
https://www.dlsu.edu.ph/inside/board-advisors,The University Board of Advisors - De La Salle University,1764658218.8989685
https://www.dlsu.edu.ph/offices,Offices - De La Salle University,1764658218.9179583
https://www.dlsu.edu.ph/staff-directory,Staff Directory - De La Salle University,1764658219.0713956
https://www.dlsu.edu.ph/brothers,The De La Salle Brothers - De La Salle University,1764658219.2921913
https://www.dlsu.edu.ph/admissions/scholarships,Scholarships - De La Salle University,1764658219.3839242
https://www.dlsu.edu.ph/admissions,DLSU Admissions - De La Salle University,1764658219.3909476
https://www.dlsu.edu.ph/admissions/undergraduate,Undergraduate Admissions - De La Salle University,1764658219.4648108
https://www.dlsu.edu.ph/integrated-school,Integrated-School - De La Salle University,1764658219.51943
https://www.dlsu.edu.ph/admissions/graduate,Graduate Admissions - De La Salle University,1764658219.663275
https://www.dlsu.edu.ph/colleges,Colleges - De La Salle University,1764658219.7873235
https://www.dlsu.edu.ph/colleges/bagced/academic-departments/counseling-educational-psychology,Counseling and Educational Psychology - De La Salle University,1764658220.0508335
https://www.dlsu.edu.ph/colleges/bagced,Br. Andrew Gonzalez FSC College of Education - De La Salle University,1764658220.080374
https://www.dlsu.edu.ph/colleges/bagced/academic-departments/english-applied-linguistics,English and Applied Linguistics - De La Salle University,1764658220.090035
https://www.dlsu.edu.ph/colleges/bagced/academic-departments/science-education,Science Education - De La Salle University,1764658220.1152172
https://www.dlsu.edu.ph/colleges/bagced/academic-departments/educational-leadership-management,Educational Leadership and Management - De La Salle University,1764658220.1938062
https://www.dlsu.edu.ph/colleges/bagced/academic-departments/physical-education,Physical Education - De La Salle University,1764658220.268765
https://www.dlsu.edu.ph/colleges/ccs,College of Computer Studies - De La Salle University,1764658220.4523199
https://www.dlsu.edu.ph/colleges/ccs/academic-departments/information-technology,Information Technology - De La Salle University,1764658220.532124
https://www.dlsu.edu.ph/colleges/cla/academic-departments/filipino,Filipino - De La Salle University,1764658220.824101
https://www.dlsu.edu.ph/colleges/cla,College of Liberal Arts - De La Salle University,1764658220.8260717
https://www.dlsu.edu.ph/colleges/ccs/academic-departments/computer-technology,Computer Technology - De La Salle University,1764658220.8411477
https://www.dlsu.edu.ph/integratedschool-test/senior-high-school,Senior High School - De La Salle University,1764658220.8530948
https://www.dlsu.edu.ph/colleges/ccs/academic-departments/software-technology,Software Technology - De La Salle University,1764658220.9744654
https://www.dlsu.edu.ph/colleges/cla/academic-departments/behavioral-sciences,Department of Sociology and Behavioral Sciences - De La Salle University,1764658221.0040987
https://www.dlsu.edu.ph/tdsol,School of Law - De La Salle University,1764658221.1874297
https://www.dlsu.edu.ph/colleges/cla/academic-departments/communication,Department of Communication - De La Salle University,1764658221.2451415
https://www.dlsu.edu.ph/colleges/cla/academic-departments/international-studies,International Studies - De La Salle University,1764658221.2843697
https://www.dlsu.edu.ph/colleges/cla/academic-departments/history,History - De La Salle University,1764658221.303308
https://www.dlsu.edu.ph/colleges/cla/academic-departments/literature,Literature - De La Salle University,1764658221.6135976
https://www.dlsu.edu.ph/colleges/cla/academic-departments/philosophy,Philosophy - De La Salle University,1764658221.7100039
https://www.dlsu.edu.ph/colleges/cos,College of Science - De La Salle University,1764658221.9510944
https://www.dlsu.edu.ph/colleges/cla/academic-departments/theology-religious-education,Theology and Religious Education - Overview - De La Salle University,1764658222.0207152
https://www.dlsu.edu.ph/colleges/cos/departments/physics,Department of Physics - De La Salle University,1764658222.1115232
https://www.dlsu.edu.ph/colleges/cos/departments/mathematics,Mathematics and Statistics - De La Salle University,1764658222.1144993
https://www.dlsu.edu.ph/colleges/cla/academic-departments/political-science,Political Science - De La Salle University,1764658222.2473433
https://www.dlsu.edu.ph/colleges/cos/departments/chemistry,Chemistry - De La Salle University,1764658222.4319181
https://www.dlsu.edu.ph/colleges/gcoe/academic-departments/chemical-engineering,Chemical Engineering - De La Salle University,1764658222.48738
https://www.dlsu.edu.ph/colleges/cla/academic-departments/psychology,Psychology - De La Salle University,1764658222.5067458
https://www.dlsu.edu.ph/colleges/cos/departments/biology,Biology - De La Salle University,1764658222.6177797
https://www.dlsu.edu.ph/colleges/gcoe,Gokongwei College of Engineering - De La Salle University,1764658222.6483617
https://www.dlsu.edu.ph/colleges/gcoe/academic-departments/industrial-engineering,Industrial and Systems Engineering - De La Salle University,1764658222.844617
https://www.dlsu.edu.ph/colleges/gcoe/academic-departments/civil-engineering,Civil Engineering - De La Salle University,1764658222.886005
https://www.dlsu.edu.ph/colleges/gcoe/academic-departments/mechanical-engineering,Mechanical Engineering - De La Salle University,1764658222.9573734
https://www.dlsu.edu.ph/colleges/gcoe/academic-departments/manufacturing-engineering-management,"Department of Biomedical, Manufacturing, and Robotics Engineering - De La Salle University",1764658223.0757053
https://www.dlsu.edu.ph/colleges/rvrcob/academic-departments/management-financial-institutions,Department of Financial Management - De La Salle University,1764658223.2771783
https://www.dlsu.edu.ph/colleges/rvrcob/academic-departments/accountancy,Department of Accountancy - De La Salle University,1764658223.4326758
https://www.dlsu.edu.ph/colleges/rvrcob/academic-departments/management-organization-department,Department of Management and Organization - De La Salle University,1764658223.566275
https://www.dlsu.edu.ph/colleges/rvrcob,Ramon V. del Rosario College of Business - De La Salle University,1764658223.7136545
https://www.dlsu.edu.ph/colleges/rvrcob/academic-departments/commercial-law,Department of Commercial Law - De La Salle University,1764658223.90416
https://www.dlsu.edu.ph/colleges/rvrcob/academic-departments/dsi,Department of Decision Sciences and Innovation - De La Salle University,1764658223.9098203
https://www.dlsu.edu.ph/colleges/soe,School of Economics - De La Salle University,1764658223.9505026
https://www.dlsu.edu.ph/campuses/manila,Manila Campus - De La Salle University,1764658224.102223
https://www.dlsu.edu.ph/colleges/rvrcob/academic-departments/marketing-management,Department of Marketing and Advertising - De La Salle University,1764658224.1135485
https://www.dlsu.edu.ph/campuses,Campuses - De La Salle University,1764658224.1162813
https://www.dlsu.edu.ph/wp-content/uploads/pdf/osa/student-handbook.pdf,[FILE] student-handbook.pdf,1764658224.156017
https://www.dlsu.edu.ph/campuses/makati,Makati (RCBC) Campus - De La Salle University,1764658224.2233021
https://www.dlsu.edu.ph/offices/osa/_pdf/amendments-on-sh-1518.pdf,[FILE] amendments-on-sh-1518.pdf,1764658224.2691271
https://www.dlsu.edu.ph/laguna-campus,laguna-campus - De La Salle University,1764658224.3760798
http://www.dlsu.edu.ph/wp-content/uploads/pdf/laguna-campus/dlsu-laguna-campus-viewbook.pdf,[FILE] dlsu-laguna-campus-viewbook.pdf,1764658224.3849723
https://www.dlsu.edu.ph/wp-content/uploads/pdf/viewbook/graduate/cla-graduate-viewbook.pdf,[FILE] cla-graduate-viewbook.pdf,1764658224.441404
https://www.dlsu.edu.ph/campuses/rufino,Rufino (BGC) Campus - De La Salle University,1764658224.4840374
https://www.dlsu.edu.ph/wp-content/uploads/pdf/viewbook/graduate/bag-ced-graduate-viewbook.pdf,[FILE] bag-ced-graduate-viewbook.pdf,1764658224.5240407
https://www.dlsu.edu.ph/wp-content/uploads/pdf/viewbook/graduate/ccs-graduate-viewbook.pdf,[FILE] ccs-graduate-viewbook.pdf,1764658224.5996773
https://www.dlsu.edu.ph/wp-content/uploads/pdf/viewbook/graduate/gcoe-graduate-viewbook.pdf,[FILE] gcoe-graduate-viewbook.pdf,1764658224.6310058
https://www.dlsu.edu.ph/admissions/graduate/graduate-viewbooks,Graduate Viewbooks - De La Salle University,1764658224.704272
https://www.dlsu.edu.ph/wp-content/uploads/pdf/viewbook/graduate/rvr-cob-graduate-viewbook.pdf,[FILE] rvr-cob-graduate-viewbook.pdf,1764658224.7190828
https://www.dlsu.edu.ph/wp-content/uploads/pdf/integratedschool/dlsu-is-student-handbook.pdf,[FILE] dlsu-is-student-handbook.pdf,1764658224.7413409
https://www.dlsu.edu.ph/i-viewbook,Welcome to DLSU!,1764658224.757807
https://www.dlsu.edu.ph/wp-content/uploads/pdf/viewbook/graduate/cos-graduate-viewbook.pdf,[FILE] cos-graduate-viewbook.pdf,1764658224.8909204
https://www.dlsu.edu.ph/admissions/undergraduate/degree-programs,Degree Programs - De La Salle University,1764658224.9935348
https://www.dlsu.edu.ph/soll,School of Lifelong Learning (SoLL) - De La Salle University,1764658225.3343773
https://www.dlsu.edu.ph/admissions/graduate/degree-programs,Graduate Degree Programs - De La Salle University,1764658225.4102535
https://www.dlsu.edu.ph/offices/registrar/academic-calendar,Academic Calendar - De La Salle University,1764658225.4755604
https://www.dlsu.edu.ph/faculty,Faculty - De La Salle University,1764658225.5567002
https://www.dlsu.edu.ph/offices/registrar/document_request,Request for Documents - De La Salle University,1764658225.808226
http://enroll.dlsu.edu.ph/dlsu/dts,My.LaSalle University Portal - View Document Tracking,1764658225.8153882
https://www.dlsu.edu.ph/offices/registrar,Registrar - De La Salle University,1764658225.831474
https://www.dlsu.edu.ph/shs-research-congress/%20,4th DLSU SHS RESEARCH CONGRESS - De La Salle University,1764658225.933603
https://www.dlsu.edu.ph/conferences,Conferences - De La Salle University,1764658226.0581973
https://www.dlsu.edu.ph/offices/hub,Enrollment Services Hub - De La Salle University,1764658226.2560017
https://www.dlsu.edu.ph/offices/hub/cav-ched-requests,CAV CHED requests - De La Salle University,1764658226.3620114
https://www.dlsu.edu.ph/research,Research - De La Salle University,1764658226.478254
https://www.dlsu.edu.ph/research/abstracts,Research Abstracts - De La Salle University,1764658226.5833838
https://www.dlsu.edu.ph/research/research-centers/shore,SHORE - De La Salle University,1764658226.6716413
https://www.dlsu.edu.ph/research/research-centers,Research Centers - De La Salle University,1764658226.7018428
https://www.dlsu.edu.ph/research/research-centers/adric,"Advanced Research Institute for Informatics, Computing, and Networking (AdRIC) - De La Salle University",1764658226.7093592
https://www.dlsu.edu.ph/research/research-centers/cbrd,CENTER FOR BUSINESS RESEARCH AND DEVELOPMENT - De La Salle University,1764658226.8887439
https://www.dlsu.edu.ph/research/research-centers/cesdr,Center for Engineering and Sustainable Development Research - De La Salle University,1764658226.9820786
https://www.dlsu.edu.ph/research/research-centers/southeast-asia-research-center-and-hub,Southeast Asia Research Center and Hub - De La Salle University,1764658227.1152015
https://www.dlsu.edu.ph/research/research-centers/bnscwc,Bienvenido N. Santos Creative Writing Center - De La Salle University,1764658227.2419047
https://www.dlsu.edu.ph/research/research-centers/tala,TALa - De La Salle University,1764658227.2942767
https://www.dlsu.edu.ph/research/research-centers/censer,College of Science Center for Natural Sciences and Environmental Research - De La Salle University,1764658227.3621173
https://www.dlsu.edu.ph/research/research-centers/lider,Lasallian Institute for Development and Educational Research - De La Salle University,1764658227.3636937
https://www.dlsu.edu.ph/research/research-centers/ibeht,Evelyn D. Ang - Institute of Biomedical Engineering and Health Technologies (EDA-IBEHT) - De La Salle University,1764658227.4508789
https://www.dlsu.edu.ph/research/research-centers/yuchengco-center,Yuchengco Center - De La Salle University,1764658227.518163
https://www.dlsu.edu.ph/research/research-centers/sdrc,Social Development Reseach Center - De La Salle University,1764658227.5573137
https://www.dlsu.edu.ph/research/offices/urco,RESEARCH AND GRANTS MANAGEMENT OFFICE - De La Salle University,1764658227.9176798
https://www.dlsu.edu.ph/research/publishing-house,De La Salle University Publishing House - De La Salle University,1764658227.9617872
https://www.dlsu.edu.ph/research/offices/dipo,DIPO - Home - De La Salle University,1764658228.1461604
https://www.dlsu.edu.ph/research/offices/reo,Research Ethics Office - De La Salle University,1764658228.195973
https://www.dlsu.edu.ph/research/offices/dito,DLSU Innovation and Technology Office (DITO) - De La Salle University,1764658228.2140372
https://www.dlsu.edu.ph/research/publications,Research Publications - De La Salle University,1764658228.4565244
https://www.dlsu.edu.ph/research-1/centers/shore/coenomap,SHORE,1764658228.611313
https://www.dlsu.edu.ph/research/research-manual,Research Manuals - De La Salle University,1764658228.768883
https://www.dlsu.edu.ph/students,Students - De La Salle University,1764658228.7759018
https://www.dlsu.edu.ph/offices/osa,Office of Student Affairs - De La Salle University,1764658228.9776063
https://www.dlsu.edu.ph/research/journals,Journals - De La Salle University,1764658229.0390828
https://www.dlsu.edu.ph/library,The Libraries - De La Salle University-Manila,1764658229.063724
https://www.dlsu.edu.ph/students/services,Student Services - De La Salle University,1764658229.0810008
https://www.dlsu.edu.ph/wp-content/uploads/2018/08/international-guidebook.pdf,[FILE] international-guidebook.pdf,1764658229.136479
https://www.dlsu.edu.ph/students/cso,Council of Student Organizations - De La Salle University,1764658229.2199023
https://www.dlsu.edu.ph/wp-content/uploads/2022/06/the-concierge.pdf,[FILE] the-concierge.pdf,1764658229.410333
https://www.dlsu.edu.ph/students/international,International Students - De La Salle University,1764658229.5668528
https://www.dlsu.edu.ph/campus-map,Campus Map - De La Salle University,1764658229.7747352
https://applyarchershub.dlsu.edu.ph/ApplicationLandingPage/index/DLSU,Index,1764658229.8071005
https://www.dlsu.edu.ph/offices/ovperi/sep,Student Exchange Program - De La Salle University,1764658229.8548212
https://www.dlsu.edu.ph/offices/ovperi,OVPERI - De La Salle University,1764658229.9654257
https://www.dlsu.edu.ph/wp-content/uploads/pdf/stratcom/questions-magazine/questions-2025.pdf,[FILE] questions-2025.pdf,1764658230.1068451
https://www.dlsu.edu.ph/admissions/scholarships/grants/st-mutien-marie-scholarship-grant-graduate,St. Mutien Marie Scholarship Grant (Graduate) - De La Salle University,1764658230.1387382
https://www.dlsu.edu.ph/offices/ovperi/international-short-courses,International Short Courses - De La Salle University,1764658230.2175832
https://theconcierge.dlsu.edu.ph,Support : The CONCiERGE,1764658230.256174
https://www.dlsu.edu.ph/whats-a-more-sustainable-way-to-combat-cacao-pests,What’s a more sustainable way to combat cacao pests? - De La Salle University,1764658230.5027742
https://www.dlsu.edu.ph/dlsu-offers-groundbreaking-philosophy-and-ai-program,DLSU offers groundbreaking Philosophy and AI program - De La Salle University,1764658230.6540518
https://www.dlsu.edu.ph/dlsu-is-phls-healthiest-university-for-third-straight-year,DLSU is PHL’s healthiest university for third straight year - De La Salle University,1764658230.6626503
https://www.dlsu.edu.ph/dlsu-improves-standing-in-global-sustainability-rankings,DLSU improves standing in global sustainability rankings - De La Salle University,1764658230.772887
https://www.dlsu.edu.ph/la-salle-cebu-pacific-ink-moa-on-design-engineering-program,"La Salle, Cebu Pacific ink MOA on Design Engineering Program - De La Salle University",1764658231.0688255
https://www.dlsu.edu.ph/history-professor-receives-papal-award,History professor receives Papal Award - De La Salle University,1764658231.0777507
https://www.dlsu.edu.ph/dlsu-profs-given-highest-recognition-by-intl-ergonomics-body,DLSU profs given highest recognition by int’l ergonomics body - De La Salle University,1764658231.0851364
https://www.dlsu.edu.ph/lasallians-receive-recognition-at-the-international-conference-in-engineering-education-2025,Lasallians receive recognition at the International Conference in Engineering Education 2025 - De La Salle University,1764658231.2982242
https://www.dlsu.edu.ph/dlsu-city-of-manila-strengthen-partnership-on-localizing-un-sdgs,"DLSU, City of Manila strengthen partnership on localizing UN SDGs - De La Salle University",1764658231.3068929
https://www.dlsu.edu.ph/scholarships,Scholarships - De La Salle University,1764658231.370076
https://www.dlsu.edu.ph/abet-reaccredits-seven-engineering-programs,ABET reaccredits seven Engineering programs - De La Salle University,1764658231.5799434
https://www.dlsu.edu.ph/gcoe-students-sweep-awards-at-the-86th-piche-student-congress,GCOE students sweep awards at the 86th PIChE Student Congress - De La Salle University,1764658231.660026
https://www.dlsu.edu.ph/dlsu-prof-first-filipino-to-receive-yale-emerging-climate-leaders-fellowship,"DLSU prof, first Filipino to receive Yale Emerging Climate Leaders Fellowship - De La Salle University",1764658231.742249
https://www.dlsu.edu.ph/give,Give - De La Salle University,1764658232.0792713
https://www.dlsu.edu.ph/109990-2,"No Crowns Given, Only Taken: Lady Spikers Reload for UAAP Season 87 - De La Salle University",1764658232.2122977
https://www.dlsu.edu.ph/dlsu-inaugurates-kist-park-at-laguna-campus,DLSU inaugurates KIST Park at Laguna Campus - De La Salle University,1764658232.2225084
https://www.dlsu.edu.ph/the-dynasty-begins-green-aces-etch-legacy-with-back-to-back-championship-in-s87,The Dynasty Begins: Green Aces etch legacy with back-to-back championship in S87 - De La Salle University,1764658232.2895167
https://www.dlsu.edu.ph/dlsu-woodpushers-reap-double-bronze-glory-in-s87-blitz-chess-tournament,DLSU Woodpushers reap double bronze glory in S87 Blitz Chess Tournament - De La Salle University,1764658232.299592
https://www.dlsu.edu.ph/back-to-reign-green-archers-take-their-stand-in-season-88,Back to Reign: Green Archers Take Their Stand in Season 88 - De La Salle University,1764658232.3034494
https://www.dlsu.edu.ph/three-for-glory-green-archers-secure-historic-3x3-three-peat,Three for Glory: Green Archers secure historic 3x3 three-peat - De La Salle University,1764658232.3835554
https://www.dlsu.edu.ph/mentality-in-the-court-green-spikers-seek-redemption-in-season-87,Mentality In The Court: Green Spikers Seek Redemption in Season 87 - De La Salle University,1764658232.4284172
https://www.dlsu.edu.ph/wp-content/uploads/pdf/stratcom/2401/2024/2401V55N11.pdf,[FILE] 2401V55N11.pdf,1764658232.4441175
https://www.dlsu.edu.ph/wp-content/uploads/pdf/stratcom/2401/2023/2401V55N13.pdf,[FILE] 2401V55N13.pdf,1764658232.5745504
https://www.dlsu.edu.ph/wp-content/uploads/pdf/stratcom/2401/2024/2401V55N12.pdf,[FILE] 2401V55N12.pdf,1764658232.6981978
https://www.dlsu.edu.ph/wp-content/uploads/pdf/stratcom/2401/2024/2401V55N08.pdf,[FILE] 2401V55N08.pdf,1764658232.7111094
https://www.dlsu.edu.ph/wp-content/uploads/pdf/stratcom/2401/2024/2401V55N07.pdf,[FILE] 2401V55N07.pdf,1764658232.8595943
https://www.dlsu.edu.ph/wp-content/uploads/pdf/stratcom/2401/2023/2401V55N06.pdf,[FILE] 2401V55N06.pdf,1764658232.9069421
https://www.dlsu.edu.ph/dlsu-woodpushers-cap-off-impressive-s87-run-with-new-milestones,DLSU Woodpushers cap off impressive S87 run with new milestones - De La Salle University,1764658232.9112597
https://www.dlsu.edu.ph/wp-content/uploads/pdf/stratcom/2401/2023/2401V55N10.pdf,[FILE] 2401V55N10.pdf,1764658232.9432018
https://www.dlsu.edu.ph/lady-jins-secure-podium-finish-to-end-uaap-season-87-campaign,Lady Jins secure podium finish to end UAAP Season 87 campaign - De La Salle University,1764658232.9518187
https://www.dlsu.edu.ph/wp-content/uploads/pdf/stratcom/2401/2024/2401V55N09.pdf,[FILE] 2401V55N09.pdf,1764658232.9915183
https://www.dlsu.edu.ph/green-jins-end-11-year-championship-drought-with-5-0-league-sweep,Green Jins end 11-year championship drought with 5–0 league sweep - De La Salle University,1764658232.9964879
https://www.dlsu.edu.ph/wp-content/uploads/pdf/stratcom/2401/2023/2401V55N04.pdf,[FILE] 2401V55N04.pdf,1764658233.0265806
https://www.dlsu.edu.ph/hungry-for-more-green-booters-go-all-in-as-they-enter-season-87,Hungry for More: Green Booters Go All In as They Enter Season 87 - De La Salle University,1764658233.0919864
https://www.dlsu.edu.ph/wp-content/uploads/pdf/stratcom/2401/2023/2401V55N01.pdf,[FILE] 2401V55N01.pdf,1764658233.1075447
https://www.dlsu.edu.ph/green-archers-clinch-finals-ticket-with-gritty-victory-over-nccu,Green Archers clinch Finals ticket with gritty victory over NCCU - De La Salle University,1764658233.2689674
https://www.dlsu.edu.ph/viridis-arcus-clinch-uaap-valorant-gold-for-dlsu,Viridis Arcus clinch UAAP Valorant gold for DLSU - De La Salle University,1764658233.2790666
https://www.dlsu.edu.ph/wp-content/uploads/pdf/stratcom/2401/2023/2401V55N03.pdf,[FILE] 2401V55N03.pdf,1764658233.3328795
https://www.dlsu.edu.ph/wp-content/uploads/pdf/stratcom/2401/2023/2401V55N02.pdf,[FILE] 2401V55N02.pdf,1764658233.363365
https://www.dlsu.edu.ph/wp-content/uploads/pdf/stratcom/2401/2023/2401V55N05.pdf,[FILE] 2401V55N05.pdf,1764658233.3660502
https://my.dlsu.edu.ph,My DLSU Login,1764658233.9724386
https://www.dlsu.edu.ph/Privacy,Privacy - De La Salle University,1764658233.9807
https://www.dlsu.edu.ph/contact-us-2,Contact Information - De La Salle University,1764658234.0425463
https://www.dlsu.edu.ph/safe-space-act-ra11313,Safe Space Act RA11313 - De La Salle University,1764658234.1106114
https://www.dlsu.edu.ph/terms,Terms - De La Salle University,1764658234.435429
https://www.dlsu.edu.ph/accessibility,Accessibility - De La Salle University,1764658234.6220512
https://www.dlsu.edu.ph/offices/registrar/cost-of-studies/request-for-documents,Request for Documents - De La Salle University,1764658234.6313422
https://www.dlsu.edu.ph/newsletter,Newsletter - De La Salle University,1764658234.8813567
https://www.dlsu.edu.ph/southgate,Log In ‹ De La Salle University — WordPress,1764658234.9495614
https://animospace.dlsu.edu.ph,Sign in - Google Accounts,1764658235.607332
https://www.dlsu.edu.ph/inside/campus-map,Campus Map - De La Salle University,1764658235.6085556
https://www.dlsu.edu.ph/privacy,Privacy - De La Salle University,1764658235.6365676
https://www.dlsu.edu.ph/bituin/hr,HR - De La Salle University,1764658235.7284904
https://www.dlsu.edu.ph/inside/university-governance,University Governance - De La Salle University,1764658235.7676888
https://www.dlsu.edu.ph/inside/alma_mater,Alma Mater Hymn - De La Salle University,1764658235.8484426
https://www.dlsu.edu.ph/inside/lasalliana,Lasalliana - De La Salle University,1764658235.8525972
https://www.dlsu.edu.ph/inside/history-and-traditions,History and Traditions - De La Salle University,1764658235.8978534
https://www.dlsu.edu.ph/inside/guiding-principles,Guiding Principles of the Philippine Lasallian Family - De La Salle University,1764658236.1950035
https://www.dlsu.edu.ph/inside/contact-information,Contact Information - De La Salle University,1764658236.2528288
https://www.dlsu.edu.ph/inside/organizations,Membership in Organizations - De La Salle University,1764658236.3202617
https://www.dlsu.edu.ph/inside/lasalliana/stjohn,St. John Baptist De La Salle - De La Salle University,1764658236.435741
https://www.dlsu.edu.ph/inside/lasalliana/standards-visual-identity,Institutional Identification Manual 2025 - De La Salle University,1764658236.6666498
https://www.dlsu.edu.ph/inside/lasalliana/style-guide,Style Guide - De La Salle University,1764658236.6992793
https://www.dlsu.edu.ph/inside/lasalliana/greenwhite,Why Green and White? - De La Salle University,1764658236.791339
https://www.dlsu.edu.ph/inside/lasalliana/the-university-identity,The University Identity - De La Salle University,1764658236.7988434
https://www.dlsu.edu.ph/research/offices,Research Offices - De La Salle University,1764658237.2605855
https://www.dlsu.edu.ph/offices/ovplm/cosca/what-we-do,WHAT WE DO - De La Salle University,1764658237.5280771
https://www.dlsu.edu.ph/linkages,Linkages - De La Salle University,1764658237.6798553
https://www.dlsu.edu.ph/faculty/visiting-faculty-scholars,Visiting Faculty / Visiting Scholars - De La Salle University,1764658237.7579107
https://www.dlsu.edu.ph/ovplm,Lasallian Mission at DLSU - De La Salle University,1764658237.9764812
https://www.dlsu.edu.ph/category/institutional,Institutional Archives - De La Salle University,1764658238.306383
https://www.dlsu.edu.ph/offices/erio,ERIO - De La Salle University,1764658238.3207257
https://www.dlsu.edu.ph/wp-content/uploads/pdf/qao/jubilee-strategy-23-27.pdf,[FILE] jubilee-strategy-23-27.pdf,1764658238.3263578
https://www.dlsu.edu.ph/wp-content/uploads/pdf/qao/guide-aun-institutional-quality-assessment.pdf,[FILE] guide-aun-institutional-quality-assessment.pdf,1764658238.5431309
https://www.dlsu.edu.ph/students/international/experience-dlsu,Experience DLSU - De La Salle University,1764658238.5520277
https://www.dlsu.edu.ph/wp-content/uploads/pdf/qao/elga-2.pdf,[FILE] elga-2.pdf,1764658238.582609
https://www.dlsu.edu.ph/wp-content/uploads/pdf/qao/institutional-accreditation-valid-until-february-2025.pdf,[FILE] institutional-accreditation-valid-until-february-2025.pdf,1764658238.5930417
http://www.dlsu.edu.ph/offices/qao/_pdf/guide-aun-actual-quality-assessment-v4.pdf,[FILE] guide-aun-actual-quality-assessment-v4.pdf,1764658238.651165
https://www.dlsu.edu.ph/wp-content/uploads/pdf/qao/accountancy-ched.pdf,[FILE] accountancy-ched.pdf,1764658238.664209
https://www.dlsu.edu.ph/wp-content/uploads/pdf/qao/institutional-level.pdf,[FILE] institutional-level.pdf,1764658238.6921248
https://www.dlsu.edu.ph/wp-content/uploads/pdf/qao/autonomous-status.pdf,[FILE] autonomous-status.pdf,1764658238.6925027
https://www.dlsu.edu.ph/wp-content/uploads/pdf/qao/business-administration-ched.pdf,[FILE] business-administration-ched.pdf,1764658238.7630696
https://www.dlsu.edu.ph/wp-content/uploads/pdf/qao/chemistry-ched.pdf,[FILE] chemistry-ched.pdf,1764658238.8581798
https://www.dlsu.edu.ph/wp-content/uploads/pdf/qao/electronics-and-communications-engineering-ched.pdf,[FILE] electronics-and-communications-engineering-ched.pdf,1764658238.8967512
https://www.dlsu.edu.ph/wp-content/uploads/pdf/qao/civil-engineering-ched.pdf,[FILE] civil-engineering-ched.pdf,1764658238.9437268
https://www.dlsu.edu.ph/wp-content/uploads/pdf/qao/chemical-engineering-ched.pdf,[FILE] chemical-engineering-ched.pdf,1764658239.0080864
https://www.dlsu.edu.ph/wp-content/uploads/pdf/qao/mathematics-ched.pdf,[FILE] mathematics-ched.pdf,1764658239.0564919
https://www.dlsu.edu.ph/wp-content/uploads/pdf/qao/biology-ched.pdf,[FILE] biology-ched.pdf,1764658239.0679135
https://www.dlsu.edu.ph/wp-content/uploads/pdf/qao/industrial-engineering-ched.pdf,[FILE] industrial-engineering-ched.pdf,1764658239.1370833
https://www.dlsu.edu.ph/wp-content/uploads/pdf/qao/entrepreneurship-ched.pdf,[FILE] entrepreneurship-ched.pdf,1764658239.2572715
https://www.dlsu.edu.ph/wp-content/uploads/pdf/qao/information-technology-ched.pdf,[FILE] information-technology-ched.pdf,1764658239.3842254
https://www.dlsu.edu.ph/wp-content/uploads/pdf/qao/history-ched.pdf,[FILE] history-ched.pdf,1764658239.3896449
https://www.dlsu.edu.ph/wp-content/uploads/pdf/qao/mechanical-engineering-ched.pdf,[FILE] mechanical-engineering-ched.pdf,1764658239.4663322
https://www.dlsu.edu.ph/wp-content/uploads/pdf/qao/teacher-education-ched.pdf,[FILE] teacher-education-ched.pdf,1764658239.4796953
https://www.dlsu.edu.ph/wp-content/uploads/pdf/qao/physics-ched.pdf,[FILE] physics-ched.pdf,1764658239.4804661
https://www.dlsu.edu.ph/colleges/tdsol,tdsol - De La Salle University,1764658239.52654
https://www.dlsu.edu.ph/wp-content/uploads/pdf/qao/computer-engineering-ched.pdf,[FILE] computer-engineering-ched.pdf,1764658239.552266
https://www.dlsu.edu.ph/wp-content/uploads/pdf/qao/political-science-ched.pdf,[FILE] political-science-ched.pdf,1764658239.5616422
https://www.dlsu.edu.ph/wp-content/uploads/pdf/qao/statistics-ched.pdf,[FILE] statistics-ched.pdf,1764658239.5727713
https://www.dlsu.edu.ph/wp-content/uploads/pdf/qao/literature-ched.pdf,[FILE] literature-ched.pdf,1764658239.5832126
https://www.dlsu.edu.ph/wp-content/uploads/pdf/qao/business-faappascu.pdf,[FILE] business-faappascu.pdf,1764658239.7204814
https://www.dlsu.edu.ph/wp-content/uploads/pdf/qao/science-faappascu.pdf,[FILE] science-faappascu.pdf,1764658239.7470741
https://www.dlsu.edu.ph/wp-content/uploads/pdf/qao/liberal-arts-faappascu.pdf,[FILE] liberal-arts-faappascu.pdf,1764658239.8199275
https://www.dlsu.edu.ph/wp-content/uploads/pdf/qao/accountancy-faappascu.pdf,[FILE] accountancy-faappascu.pdf,1764658239.8422692
https://www.dlsu.edu.ph/wp-content/uploads/pdf/qao/economics-faappascu.pdf,[FILE] economics-faappascu.pdf,1764658239.864793
https://www.dlsu.edu.ph/wp-content/uploads/pdf/qao/secondary-education-programs-faappascu.pdf,[FILE] secondary-education-programs-faappascu.pdf,1764658239.938709
https://www.dlsu.edu.ph/wp-content/uploads/pdf/qao/elementary-education-programs-faappascu.pdf,[FILE] elementary-education-programs-faappascu.pdf,1764658240.0130641
https://www.dlsu.edu.ph/wp-content/uploads/pdf/qao/entrepreneurship-faappascu.pdf,[FILE] entrepreneurship-faappascu.pdf,1764658240.031181
https://www.dlsu.edu.ph/wp-content/uploads/pdf/qao/industrial-engineering-faappascu.pdf,[FILE] industrial-engineering-faappascu.pdf,1764658240.0521882
https://www.dlsu.edu.ph/wp-content/uploads/pdf/qao/electronics-engineering-faappascu.pdf,[FILE] electronics-engineering-faappascu.pdf,1764658240.0532389
https://www.dlsu.edu.ph/wp-content/uploads/pdf/qao/computer-science-faappascu.pdf,[FILE] computer-science-faappascu.pdf,1764658240.0748596
https://www.dlsu.edu.ph/wp-content/uploads/pdf/qao/civil-engineering-faappascu.pdf,[FILE] civil-engineering-faappascu.pdf,1764658240.082835
https://www.dlsu.edu.ph/wp-content/uploads/pdf/qao/letter-from-paascu-ce-bsit-bsis-2024.pdf,[FILE] letter-from-paascu-ce-bsit-bsis-2024.pdf,1764658240.1954224
https://www.dlsu.edu.ph/wp-content/uploads/pdf/qao/chemical-engineering-faappascu.pdf,[FILE] chemical-engineering-faappascu.pdf,1764658240.2165744
https://www.dlsu.edu.ph/wp-content/uploads/pdf/qao/manufacturing-engineeringand-management-faappascu.pdf,[FILE] manufacturing-engineeringand-management-faappascu.pdf,1764658240.23278
https://www.dlsu.edu.ph/wp-content/uploads/pdf/qao/gs-sciences-faappascu.pdf,[FILE] gs-sciences-faappascu.pdf,1764658240.2580235
https://www.dlsu.edu.ph/wp-content/uploads/pdf/qao/gs-liberal-arts-faappascu.pdf,[FILE] gs-liberal-arts-faappascu.pdf,1764658240.2828155
https://www.dlsu.edu.ph/wp-content/uploads/pdf/qao/gs-education-faappascu.pdf,[FILE] gs-education-faappascu.pdf,1764658240.2969146
https://www.dlsu.edu.ph/wp-content/uploads/pdf/qao/ms-in-computational-finance-faappascu.pdf,[FILE] ms-in-computational-finance-faappascu.pdf,1764658240.53638
https://www.dlsu.edu.ph/wp-content/uploads/pdf/qao/master-in-business-administration-program-faappascu.pdf,[FILE] master-in-business-administration-program-faappascu.pdf,1764658240.5480957
https://www.dlsu.edu.ph/wp-content/uploads/pdf/qao/doctor-of-business-administration-program-faappascu.pdf,[FILE] doctor-of-business-administration-program-faappascu.pdf,1764658240.5758607
https://www.dlsu.edu.ph/wp-content/uploads/pdf/qao/ms-in-industrial-relations-and-management-faappascu.pdf,[FILE] ms-in-industrial-relations-and-management-faappascu.pdf,1764658240.586875
https://www.dlsu.edu.ph/wp-content/uploads/pdf/qao/ms-in-accountancy-faappascu.pdf,[FILE] ms-in-accountancy-faappascu.pdf,1764658240.5916688
https://www.dlsu.edu.ph/wp-content/uploads/pdf/qao/ms-in-entrepreneurship-faappascu.pdf,[FILE] ms-in-entrepreneurship-faappascu.pdf,1764658240.685797
https://www.dlsu.edu.ph/wp-content/uploads/pdf/qao/ms-in-financial-engineering-faappascu.pdf,[FILE] ms-in-financial-engineering-faappascu.pdf,1764658240.695678
https://www.dlsu.edu.ph/wp-content/uploads/pdf/qao/ms-in-marketing-faappascu.pdf,[FILE] ms-in-marketing-faappascu.pdf,1764658240.7547915
https://www.dlsu.edu.ph/wp-content/uploads/pdf/qao/phd-in-business-faappascu.pdf,[FILE] phd-in-business-faappascu.pdf,1764658240.8600469
https://www.dlsu.edu.ph/wp-content/uploads/pdf/qao/electronics-engineering-aun-qa-2023.pdf,[FILE] electronics-engineering-aun-qa-2023.pdf,1764658240.871298
https://www.dlsu.edu.ph/wp-content/uploads/pdf/qao/early-childhood-education-aun-qa-2023.pdf,[FILE] early-childhood-education-aun-qa-2023.pdf,1764658240.9219022
https://www.dlsu.edu.ph/wp-content/uploads/pdf/qao/chemistry-aun-qa-2023.pdf,[FILE] chemistry-aun-qa-2023.pdf,1764658240.930522
https://www.dlsu.edu.ph/wp-content/uploads/pdf/qao/chemistry-aun-qa-ug-2010-november.pdf,[FILE] chemistry-aun-qa-ug-2010-november.pdf,1764658240.9526606
https://www.dlsu.edu.ph/wp-content/uploads/pdf/qao/master-in-marketing-communications-faappascu.pdf,[FILE] master-in-marketing-communications-faappascu.pdf,1764658241.0026205
https://www.dlsu.edu.ph/wp-content/uploads/pdf/qao/bs-in-computer-engineering-aun-qa-2023.pdf,[FILE] bs-in-computer-engineering-aun-qa-2023.pdf,1764658241.0403512
https://www.dlsu.edu.ph/wp-content/uploads/pdf/qao/chemical-engineering-aun-qa.pdf,[FILE] chemical-engineering-aun-qa.pdf,1764658241.0748193
https://www.dlsu.edu.ph/wp-content/uploads/pdf/qao/bs-in-accountancy-aun-qa-2023.pdf,[FILE] bs-in-accountancy-aun-qa-2023.pdf,1764658241.130983
https://www.dlsu.edu.ph/wp-content/uploads/pdf/qao/ab-in-behavioral-science-major-in-organizational-and-social-systems-development-aun-qa-ug-2023.pdf,[FILE] ab-in-behavioral-science-major-in-organizational-and-social-systems-development-aun-qa-ug-2023.pdf,1764658241.1502364
https://www.dlsu.edu.ph/wp-content/uploads/pdf/qao/accountancy-aun-qa-ug-2014-december.pdf,[FILE] accountancy-aun-qa-ug-2014-december.pdf,1764658241.2164838
https://www.dlsu.edu.ph/wp-content/uploads/pdf/qao/economics-aun-qa.pdf,[FILE] economics-aun-qa.pdf,1764658241.2708962
https://www.dlsu.edu.ph/wp-content/uploads/pdf/qao/psychology-aun-qa.pdf,[FILE] psychology-aun-qa.pdf,1764658241.2819018
https://www.dlsu.edu.ph/wp-content/uploads/pdf/qao/chemical-engineering-aun-qa-2018.pdf,[FILE] chemical-engineering-aun-qa-2018.pdf,1764658241.341334
https://www.dlsu.edu.ph/wp-content/uploads/pdf/qao/physics-aun-qa.pdf,[FILE] physics-aun-qa.pdf,1764658241.3569498
https://www.dlsu.edu.ph/wp-content/uploads/pdf/qao/literature-aun-qa.pdf,[FILE] literature-aun-qa.pdf,1764658241.4582932
https://www.dlsu.edu.ph/wp-content/uploads/pdf/qao/software-technology-aun-qa.pdf,[FILE] software-technology-aun-qa.pdf,1764658241.4981327
https://www.dlsu.edu.ph/wp-content/uploads/pdf/qao/mathematics-aun-qa.pdf,[FILE] mathematics-aun-qa.pdf,1764658241.5500884
https://www.dlsu.edu.ph/wp-content/uploads/pdf/qao/applied-corporate-management-aun-qa.pdf,[FILE] applied-corporate-management-aun-qa.pdf,1764658241.5723221
https://www.dlsu.edu.ph/wp-content/uploads/pdf/qao/civil-engineering-aun-qa.pdf,[FILE] civil-engineering-aun-qa.pdf,1764658241.6590564
https://www.dlsu.edu.ph/wp-content/uploads/pdf/qao/international-studies-aun-qa.pdf,[FILE] international-studies-aun-qa.pdf,1764658241.681928
https://www.dlsu.edu.ph/wp-content/uploads/pdf/qao/political-science-aun-qa.pdf,[FILE] political-science-aun-qa.pdf,1764658241.6836576
https://www.dlsu.edu.ph/wp-content/uploads/pdf/qao/biology-aun-qa.pdf,[FILE] biology-aun-qa.pdf,1764658241.8061879
https://www.dlsu.edu.ph/wp-content/uploads/pdf/qao/statistics-aun-qa.pdf,[FILE] statistics-aun-qa.pdf,1764658241.8080142
https://www.dlsu.edu.ph/wp-content/uploads/pdf/qao/industrial-engineering-aun-qa.pdf,[FILE] industrial-engineering-aun-qa.pdf,1764658241.8682966
https://www.dlsu.edu.ph/wp-content/uploads/pdf/qao/entrepreneurship-aun-qa.pdf,[FILE] entrepreneurship-aun-qa.pdf,1764658241.9337082
https://www.dlsu.edu.ph/wp-content/uploads/pdf/qao/industrial-engineering-ptc-abet.pdf,[FILE] industrial-engineering-ptc-abet.pdf,1764658241.9345465
https://www.dlsu.edu.ph/wp-content/uploads/pdf/qao/civil-engineering-ptc-abet.pdf,[FILE] civil-engineering-ptc-abet.pdf,1764658241.9411507
https://www.dlsu.edu.ph/wp-content/uploads/pdf/qao/mechanical-engineering-aun-qa.pdf,[FILE] mechanical-engineering-aun-qa.pdf,1764658241.9618926
https://www.dlsu.edu.ph/wp-content/uploads/pdf/qao/chemical-engineering-ptc-abet.pdf,[FILE] chemical-engineering-ptc-abet.pdf,1764658241.9685783
https://www.dlsu.edu.ph/wp-content/uploads/pdf/qao/computer-engineering-ptc-abet.pdf,[FILE] computer-engineering-ptc-abet.pdf,1764658242.044505
https://www.dlsu.edu.ph/wp-content/uploads/pdf/qao/mechanical-engineering-ptc-abet.pdf,[FILE] mechanical-engineering-ptc-abet.pdf,1764658242.2107012
https://www.dlsu.edu.ph/wp-content/uploads/pdf/qao/electronics-engineering-ptc-abet.pdf,[FILE] electronics-engineering-ptc-abet.pdf,1764658242.2831647
https://www.dlsu.edu.ph/brothers/foundation-principles-lasallian-formation,Foundation Principles of Lasallian Formation - De La Salle University,1764658242.8489492
https://www.dlsu.edu.ph/brothers/streaming-videos-brothers,Streaming Videos (Brothers) - De La Salle University,1764658242.9419122
https://www.dlsu.edu.ph/brothers/vocation-animation-resources,Vocation Animation Resources - De La Salle University,1764658242.9670413
https://www.dlsu.edu.ph/brothers/lasallian-volunteer-program,Lasallian Volunteer Program - De La Salle University,1764658243.1156409
https://www.dlsu.edu.ph/university-fellows/dr-marie-marjorie-evasco-pernia,Dr. Marie Marjorie Evasco-Pernia - De La Salle University,1764658243.196073
https://www.dlsu.edu.ph/university-fellows/dr-severino-v-gervacio,Dr. Severino V. Gervacio - De La Salle University,1764658243.8492665
https://www.dlsu.edu.ph/university-fellows/dr-cirilo-f-bautista,Dr. Cirilo F. Bautista - De La Salle University,1764658243.8548968
https://www.dlsu.edu.ph/university-fellows/dr-rose-marie-clemena,Dr. Rose Marie Clemeña - De La Salle University,1764658243.8766596
https://www.dlsu.edu.ph/university-fellows/dr-clodualdo-a-del-mundo-jr,"Dr. Clodualdo A. del Mundo, Jr. - De La Salle University",1764658243.9067848
https://www.dlsu.edu.ph/university-fellows/dr-wilfrido-v-villacorta,Dr. Wilfrido V. Villacorta - De La Salle University,1764658243.9233637
https://www.dlsu.edu.ph/university-fellows/dr-ma-lourdes-s-bautista,Dr. Ma. Lourdes S. Bautista - De La Salle University,1764658244.1404293
https://www.dlsu.edu.ph/university-fellows/dr-isagani-r-cruz,Dr. Isagani R. Cruz - De La Salle University,1764658244.2804925
http://gateway.dlsu.edu.ph/sites/gateway/resources/Downloads/Documents/Policy%20on%20Hiring%20and%20Employment%20of%20Relatives.pdf,[FILE] Policy%20on%20Hiring%20and%20Employment%20of%20Relatives.pdf,1764658244.477359
https://www.dlsu.edu.ph/university-fellows/brother-andrew-b-gonzalez-fsc,"Brother Andrew B. Gonzalez, FSC - De La Salle University",1764658244.5449398
https://www.dlsu.edu.ph/wp-content/uploads/pdf/policy/safe-spaces-policy.pdf,[FILE] safe-spaces-policy.pdf,1764658244.6843464
https://www.dlsu.edu.ph/university-fellows/dr-emerita-quitoi,Dr. Emerita Quito - De La Salle University,1764658244.7703993
https://www.dlsu.edu.ph/wp-content/uploads/pdf/policy/mental-health.pdf,[FILE] mental-health.pdf,1764658244.810163
https://www.dlsu.edu.ph/university-fellows/dr-carmelita-i-quebengco,Dr. Carmelita I. Quebengco - De La Salle University,1764658244.8360033
https://www.dlsu.edu.ph/university-fellows/dr-claro-r-ceniza,Dr. Claro R. Ceniza - De La Salle University,1764658244.8430297
https://www.dlsu.edu.ph/wp-content/uploads/pdf/policy/digital-citizenship-policy.pdf,[FILE] digital-citizenship-policy.pdf,1764658244.8453832
https://www.dlsu.edu.ph/university-fellows/dr-marcelino-a-foronda-jr,"Dr. Marcelino A. Foronda, Jr. - De La Salle University",1764658244.8457372
http://gateway.dlsu.edu.ph/sites/gateway/resources/Downloads/Documents/IS%20Faculty%20Manual.pdf,[FILE] IS%20Faculty%20Manual.pdf,1764658244.9330084
https://www.dlsu.edu.ph/wp-content/uploads/pdf/policy/privacy-manual.pdf,[FILE] privacy-manual.pdf,1764658244.976301
http://gateway.dlsu.edu.ph/sites/gateway/resources/Downloads/Documents/Faculty%20Manual.pdf,[FILE] Faculty%20Manual.pdf,1764658245.0001004
http://gateway.dlsu.edu.ph/sites/gateway/Institutional%20Manuals/Co-Academic%20Personnel%20Manual%20Revised%20%202012.pdf,[FILE] Co-Academic%20Personnel%20Manual%20Revised%20%202012.pdf,1764658245.0107036
http://gateway.dlsu.edu.ph/sites/gateway/resources/Downloads/Downloadable%20Forms/13.%20Office%20of%20Personnel%20Management%20(OPM)/APSP%20Manual.pdf,[FILE] APSP%20Manual.pdf,1764658245.0151155
https://www.dlsu.edu.ph/wp-content/uploads/pdf/policy/is-faculty-manual.pdf,[FILE] is-faculty-manual.pdf,1764658245.1411335
https://www.dlsu.edu.ph/university-fellows/dr-tereso-s-tullao-jr,"Dr. Tereso S. Tullao, Jr. - De La Salle University",1764658245.169759
https://www.dlsu.edu.ph/wp-content/uploads/pdf/policy/policy-legal-review-and-approval-of-contracts.pdf,[FILE] policy-legal-review-and-approval-of-contracts.pdf,1764658245.1761565
https://www.dlsu.edu.ph/wp-content/uploads/pdf/policy/policy-on-legal-document-management.pdf,[FILE] policy-on-legal-document-management.pdf,1764658245.183856
http://gateway.dlsu.edu.ph/sites/gateway/resources/Downloads/Documents/Code%20of%20Ethics%20for%20De%20La%20Salle%20University%20Faculty.pdf,[FILE] Code%20of%20Ethics%20for%20De%20La%20Salle%20University%20Faculty.pdf,1764658245.1940653
https://www.dlsu.edu.ph/wp-content/uploads/pdf/policy/faculty-manual-2021.pdf,[FILE] faculty-manual-2021.pdf,1764658245.2458725
https://www.dlsu.edu.ph/wp-content/uploads/pdf/policy/policy-on-signatory-authorithy-of-contracts.pdf,[FILE] policy-on-signatory-authorithy-of-contracts.pdf,1764658245.2558715
https://www.dlsu.edu.ph/wp-content/uploads/pdf/policy/social-media-guidelines-dlsu.pdf,[FILE] social-media-guidelines-dlsu.pdf,1764658245.283195
https://www.dlsu.edu.ph/wp-content/uploads/pdf/policy/policies-and-guidelines-external-projects.pdf,[FILE] policies-and-guidelines-external-projects.pdf,1764658245.2873504
https://www.dlsu.edu.ph/wp-content/uploads/pdf/policy/funds.pdf,[FILE] funds.pdf,1764658245.3305
https://www.dlsu.edu.ph/wp-content/uploads/pdf/policy/dlsu-knowlegde-and-technology-transfer-policy.pdf,[FILE] dlsu-knowlegde-and-technology-transfer-policy.pdf,1764658245.3905358
http://gateway.dlsu.edu.ph/sites/gateway/resources/Downloads/Documents/Petty%20Cash%20Fund%20Policies%20and%20Guidelines.pdf,[FILE] Petty%20Cash%20Fund%20Policies%20and%20Guidelines.pdf,1764658245.4022784
http://gateway.dlsu.edu.ph/sites/gateway/resources/Downloads/Documents/Procurement%20Manual.pdf,[FILE] Procurement%20Manual.pdf,1764658245.5647428
https://dlsu.edu.ph/wp-content/uploads/pdf/policy/urco-code-of-research-ethics.pdf,[FILE] urco-code-of-research-ethics.pdf,1764658245.576232
https://animo.sys.dlsu.edu.ph,An error has occurred.,1764658245.6502037
https://www.dlsu.edu.ph/wp-content/uploads/pdf/policy/internally-funded-research-projects.pdf,[FILE] internally-funded-research-projects.pdf,1764658245.652087
https://www.dlsu.edu.ph/wp-content/uploads/pdf/policy/gift-acceptance-policy.pdf,[FILE] gift-acceptance-policy.pdf,1764658245.6988752
https://www.dlsu.edu.ph/wp-content/uploads/pdf/policy/trademark-policy.pdf,[FILE] trademark-policy.pdf,1764658245.7181244
http://gateway.dlsu.edu.ph/sites/gateway/resources/Downloads/Documents/Memo%20on%20Cost-Cutting%20Measures.pdf,[FILE] Memo%20on%20Cost-Cutting%20Measures.pdf,1764658245.7447762
http://gateway.dlsu.edu.ph/sites/gateway/resources/Downloads/Documents/Commitment%20to%20Ethical%20Purchasing%20Practices.pdf,[FILE] Commitment%20to%20Ethical%20Purchasing%20Practices.pdf,1764658245.7473638
https://www.dlsu.edu.ph/wp-content/uploads/pdf/policy/dlsu-ip-policies.pdf,[FILE] dlsu-ip-policies.pdf,1764658245.7550986
https://www.dlsu.edu.ph/wp-content/uploads/pdf/organization/president/office-of-the-president-ay2324.pdf,[FILE] office-of-the-president-ay2324.pdf,1764658245.9475842
https://www.dlsu.edu.ph/wp-content/uploads/pdf/policy/university-code-of-ethical-conduct.pdf,[FILE] university-code-of-ethical-conduct.pdf,1764658246.0234787
https://www.dlsu.edu.ph/wp-content/uploads/2018/08/guiding-principles-2nd-edition.pdf,[FILE] guiding-principles-2nd-edition.pdf,1764658246.0295699
https://www.dlsu.edu.ph/offices/president/legal-counsel,Legal Counsel - De La Salle University,1764658246.4171913
https://www.dlsu.edu.ph/offices/stratcom,Office for Strategic Communications (STRATCOM) - De La Salle University,1764658246.5346797
https://www.dlsu.edu.ph/offices/president/the-presidents-report,The President's Report - De La Salle University,1764658246.7122912
https://www.dlsu.edu.ph/offices/president/past-dlsu-presidents,Past DLSU Presidents - De La Salle University,1764658246.7965872
https://www.dlsu.edu.ph/offices/rmca,RMCA - De La Salle University,1764658246.852451
https://www.dlsu.edu.ph/offices/president/mandate,Mandate - De La Salle University,1764658246.9778266
https://www.dlsu.edu.ph/offices/president/university-general-assembly-presidents-address,University General Assembly President’s Address - De La Salle University,1764658247.259516
https://www.dlsu.edu.ph/offices/president/about-the-president,About the President - De La Salle University,1764658247.2697663
https://www.dlsu.edu.ph/offices/president/uso,University Sustainability Office (USO) - De La Salle University,1764658247.3269112
https://www.dlsu.edu.ph/college-administration,College Administration - De La Salle University,1764658247.4300745
https://www.dlsu.edu.ph/offices/president/default.asp,President - De La Salle University,1764658247.8078952
https://www.dlsu.edu.ph/honorary-degree-awardees,Honorary Degree Awardees - De La Salle University,1764658247.815854
https://www.dlsu.edu.ph/administration/_pdf/admin-orgchart.pdf,[FILE] admin-orgchart.pdf,1764658247.819287
https://www.dlsu.edu.ph/university-fellows/exemplars-of-excellence,Exemplars of Excellence - De La Salle University,1764658247.8308728
https://www.dlsu.edu.ph/wp-content/uploads/pdf/ovplm/usef-guidelines.pdf,[FILE] usef-guidelines.pdf,1764658248.0374794
https://www.dlsu.edu.ph/inside/guiding-principles/formation,Foundational Principles of Lasallian Formation - De La Salle University,1764658248.0764282
https://www.dlsu.edu.ph/university-fellows/excelsior-history-university-fellows,Excelsior: The History of University Fellows - De La Salle University,1764658248.1143363
https://www.dlsu.edu.ph/wp-content/uploads/pdf/ovplm/ufff-management-guidelines.pdf,[FILE] ufff-management-guidelines.pdf,1764658248.129696
https://www.dlsu.edu.ph/inside/guiding-principles/education,Principles of Lasallian Education in the Philippines - De La Salle University,1764658248.2918198
https://www.dlsu.edu.ph/personnel/balay,Balay - De La Salle University,1764658248.5731552
https://www.dlsu.edu.ph/offices/osa-reference/s-life,S LIFE - De La Salle University,1764658248.9145823
https://www.dlsu.edu.ph/inside/guiding-principles/social-development,Principles of Lasallian Social Development - De La Salle University,1764658248.933007
https://www.dlsu.edu.ph/offices/osa/occs-home,occs-home - De La Salle University,1764658249.1446128
https://www.dlsu.edu.ph/offices/osa-reference/nfo,NSTP and Formation Office - De La Salle University,1764658249.2447462
https://www.dlsu.edu.ph/offices/ovplm/social-engagement,social-engagement - De La Salle University,1764658249.2772849
https://www.dlsu.edu.ph/offices/osa/smo,SMO - De La Salle University,1764658249.733614
https://www.dlsu.edu.ph/offices/osa-reference/sdfo,SDFO - De La Salle University,1764658249.7519166
https://www.dlsu.edu.ph/offices/osa-reference/osd,Office of Sports Development - De La Salle University,1764658249.8260145
https://www.dlsu.edu.ph/lasallianmission/cosca,COSCA - De La Salle University,1764658249.859041
https://www.dlsu.edu.ph/offices/cao,Culture and Arts Office - De La Salle University,1764658249.8752506
https://www.dlsu.edu.ph/lasallianmission/research/lasallian-mission-at-dlsu/lasallian-mission-office-laguna,Lasallian Mission Office Laguna - De La Salle University,1764658249.9193695
https://www.dlsu.edu.ph/wp-content/uploads/2020/11/02-1.jpg,[FILE] 02-1.jpg,1764658250.0307064
https://www.dlsu.edu.ph/wp-content/uploads/2020/11/01-1.jpg,[FILE] 01-1.jpg,1764658250.0647063
https://www.dlsu.edu.ph/lasallianmission/lseed,Lasallian Social Entrepreneurship - De La Salle University,1764658250.0895553
https://www.dlsu.edu.ph/wp-content/uploads/2018/09/06.jpg,[FILE] 06.jpg,1764658250.1113396
https://www.dlsu.edu.ph/wp-content/uploads/2018/09/03.jpg,[FILE] 03.jpg,1764658250.1718183
https://www.dlsu.edu.ph/wp-content/uploads/2018/09/05.jpg,[FILE] 05.jpg,1764658250.1824858
https://www.dlsu.edu.ph/wp-content/uploads/2018/09/01.jpg,[FILE] 01.jpg,1764658250.2107923
https://www.dlsu.edu.ph/lasallianmission/lspo,Lasallian Pastoral Office (LSPO) - De La Salle University,1764658250.242063
https://www.dlsu.edu.ph/offices/bamcref,BAMCREF - De La Salle University,1764658250.2668362
https://www.dlsu.edu.ph/wp-content/uploads/2020/11/Untitled-1.jpg,[FILE] Untitled-1.jpg,1764658250.3734896
https://www.dlsu.edu.ph/wp-content/uploads/2018/07/jobpost_form.pdf,[FILE] jobpost_form.pdf,1764658250.3787673
https://www.dlsu.edu.ph/wp-content/uploads/2018/07/jobpost_form-contractuals.pdf,[FILE] jobpost_form-contractuals.pdf,1764658250.4260278
https://www.dlsu.edu.ph/wp-content/uploads/2018/09/04.jpg,[FILE] 04.jpg,1764658250.4326274
https://www.dlsu.edu.ph/personnel/balay/five-balays,Five Balays - De La Salle University,1764658250.648303
http://intranet.dlsu.edu.ph/downloads/forms/pdf/its_servicerequestform.pdf,[FILE] its_servicerequestform.pdf,1764658250.6732814
https://www.dlsu.edu.ph/offices/president/aaro/animo-stories,Animo Stories - De La Salle University,1764658250.8079312
https://www.dlsu.edu.ph/give/stories,Stories - De La Salle University,1764658251.2264988
https://www.dlsu.edu.ph/offices/president/aaro/arrow,Arrow - De La Salle University,1764658251.2460778
https://www.dlsu.edu.ph/from-classroom-to-c-suite-the-carlos-santos-lasallian-journey,From Classroom to C-Suite: The Carlos Santos Lasallian Journey - De La Salle University,1764658251.3570318
https://www.dlsu.edu.ph/offices/ovplm/lspo,Lasallian Pastoral Office (LSPO) - De La Salle University,1764658251.4024806
https://www.dlsu.edu.ph/southgate/?redirect_to=https%3A%2F%2Fwww.dlsu.edu.ph%2Fjobs%2F,Log In ‹ De La Salle University — WordPress,1764658251.4907029
https://www.dlsu.edu.ph/lasallian-leader-with-resilience-purpose-and-impact,"Lasallian Leader with Resilience, Purpose and Impact - De La Salle University",1764658251.5305119
https://www.dlsu.edu.ph/camille-de-pedro-going-out-of-her-comfort-zone,Camille De Pedro: Going out of her comfort zone - De La Salle University,1764658251.631704
https://www.dlsu.edu.ph/changing-one-life-at-a-time-a-lasallian-journey,Changing One Life at a Time: A Lasallian Journey - De La Salle University,1764658251.6375897
https://www.dlsu.edu.ph/from-scholar-to-nation-builder-paying-it-forward,From Scholar to Nation-Builder: Paying It Forward - De La Salle University,1764658251.9310462
https://www.dlsu.edu.ph/atty-pauline-grace-intal-pantaleon-a-lawyer-and-a-public-servant,Atty. Pauline Grace Intal-Pantaleon: A lawyer and a public servant - De La Salle University,1764658252.1555924
https://www.dlsu.edu.ph/lasallian-through-and-through,Lasallian through and through - De La Salle University,1764658252.1867254
https://www.dlsu.edu.ph/rosemarie-bosch-ong-integrity-and-experience-in-building-homes,Rosemarie Bosch - Ong: Integrity and experience in building homes - De La Salle University,1764658252.2692993
https://www.dlsu.edu.ph/chasing-a-dream,Atty. Othello M. Mendoza II: Chasing a dream - De La Salle University,1764658252.35516
https://www.dlsu.edu.ph/maria-oryza-martinez-paying-it-forward-through-education,Maria Oryza Martinez: Paying it forward through education - De La Salle University,1764658252.3883185
https://www.dlsu.edu.ph/dr-elfren-cruz-living-with-the-lasallian-values,Dr. Elfren Cruz: Living with the Lasallian values - De La Salle University,1764658252.4377654
https://www.dlsu.edu.ph/edward-joseph-carig-francisco-driven-with-purpose,Edward Joseph Carig Francisco: Driven with Purpose - De La Salle University,1764658252.8021045
https://www.dlsu.edu.ph/angela-ann-vera-leading-by-adding-value-to-others,Angela Ann Vera: Leading by adding value to others - De La Salle University,1764658252.8631458
https://www.dlsu.edu.ph/offices/office-vice-chancellor-academics,Office of the Provost - De La Salle University,1764658252.960373
https://www.dlsu.edu.ph/offices/vcadmin,vcadmin - De La Salle University,1764658253.3574762
https://www.dlsu.edu.ph/laguna-campus/vice-chancellor-laguna-campus,Office of the Vice Chancellor for DLSU Laguna Campus - De La Salle University,1764658253.4308639
https://www.dlsu.edu.ph/offices/vcri,Office of the Vice Chancellor for Research and Innovation - De La Salle University,1764658253.695718
https://www.dlsu.edu.ph/offices/its,ITS - De La Salle University,1764658253.8317533
https://www.dlsu.edu.ph/offices/iteo,ITEO - De La Salle University,1764658254.1118388
https://www.dlsu.edu.ph/offices/office-vice-chancellor-research-innovation,Office of the Vice Chancellor for Research and Innovation - De La Salle University,1764658254.1648612
https://www.dlsu.edu.ph/offices/office-vice-chancellor-campus-development,Office of the Associate Vice Chancellor for Campus Development - De La Salle University,1764658254.436969
https://www.dlsu.edu.ph/offices/office-of-personnel-management-opm,Office of Personnel Management (OPM) - De La Salle University,1764658254.5324037
https://www.dlsu.edu.ph/office/asist,ASIST - De La Salle University,1764658254.8068805
https://www.dlsu.edu.ph/research/research-centers/jmrig,Jesse M. Robredo Institute of Governance - De La Salle University,1764658254.882306
https://www.dlsu.edu.ph/research/research-centers/aki,Angelo King Institute for Economic and Business Studies (DLSU-AKI) - De La Salle University,1764658255.081363
https://www.dlsu.edu.ph/research/research-centers/sdrc/home,Home - De La Salle University,1764658255.2270179
https://www.dlsu.edu.ph/offices/lspo,Lasallian Pastoral Office (LSPO) - De La Salle University,1764658255.6559577
https://www.dlsu.edu.ph/offices/vcadmin/oavcfm,Office of the AVC for Facilities Management - De La Salle University,1764658255.8276007
https://www.dlsu.edu.ph/offices/vcadmin/security-office,security-office - De La Salle University,1764658256.0722132
https://www.dlsu.edu.ph/offices/vcadmin/university-safety-office,University Safety Office - De La Salle University,1764658256.4007645
https://www.dlsu.edu.ph/offices/reo,Research Ethics Office - De La Salle University,1764658256.5077634
https://www.dlsu.edu.ph/offices/vcadmin/oavcfm/cswo,Civil and Sanitary Works Office - De La Salle University,1764658256.8378978
https://www.dlsu.edu.ph/offices/oavccs,Office of the Associate Vice Chancellor for Campus Services - De La Salle University,1764658256.853478
https://www.dlsu.edu.ph/apply,Index,1764658257.0906065
https://www.dlsu.edu.ph/offices/vcadmin/oavcfm/bgmo,Building and Grounds Maintenance Office - De La Salle University,1764658257.1989667
https://www.dlsu.edu.ph/vcadmin/oavcfm,Office of the AVC for Facilities Management - De La Salle University,1764658257.235926
https://www.dlsu.edu.ph/offices/vcadmin/oavcfm/mewo,Mechanical and Electrical Works Office - De La Salle University,1764658257.4823868
https://www.dlsu.edu.ph/offices/accounting,Accounting - De La Salle University,1764658257.5446398
https://www.dlsu.edu.ph/offices/vcadmin/oavccs/po,Supply Chain Management Office - De La Salle University,1764658257.5849547
https://www.dlsu.edu.ph/offices/vcadmin/oavccs/sso,Support Services Office (SSO) - De La Salle University,1764658258.1173794
https://www.dlsu.edu.ph/research/research-centers/censer/college-of-science-center-for-natural-sciences-and-environmental-research,College of Science Center for Natural Sciences and Environmental Research - De La Salle University,1764658258.4426014
https://www.dlsu.edu.ph/offices/osa-reference/cao,Culture and Arts Office - De La Salle University,1764658258.469626
https://www.dlsu.edu.ph/offices/cosca,COSCA - De La Salle University,1764658258.857889
https://www.dlsu.edu.ph/enrollment-services-hub,Enrollment Services Hub - De La Salle University,1764658259.2408025
https://www.dlsu.edu.ph/wp-content/uploads/2018/07/my_vocational_journey.pdf,[FILE] my_vocational_journey.pdf,1764658259.2817097
https://www.dlsu.edu.ph/category/vcri/sdrc,SDRC Archives - De La Salle University,1764658259.6148088
https://www.dlsu.edu.ph/admissions/scholarships/st-la-salle-financial-assistance-grant-for-current-students,st-la-salle-financial-assistance-grant-for-current-students - De La Salle University,1764658259.9751809
https://www.dlsu.edu.ph/admissions/scholarships/grants/st-la-salle-financial-assistance-grant-for-incoming-college-freshmen,St. La Salle Financial Assistance Grant for Incoming First Year Students - De La Salle University,1764658260.0939333
https://www.dlsu.edu.ph/admissions/scholarships/graduate-scholarship,Graduate Scholarship - De La Salle University,1764658260.5115879
https://www.dlsu.edu.ph/admissions/scholarships/grants/student-loan-program,Student Loan Program - De La Salle University,1764658260.6244423
https://www.dlsu.edu.ph/admissions/scholarships/col-scholarship,col-scholarship - De La Salle University,1764658260.7419102
https://www.dlsu.edu.ph/admissions/scholarships/mindnation-scholarship-program,MindNation Scholarship Program - De La Salle University,1764658261.3931751
https://www.dlsu.edu.ph/admissions/scholarships/financial-assistance-for-tertiary-education-program-fate,"REBISCO FOUNDATION, INC. (FINANCIAL ASSISTANCE FOR TERTIARY EDUCATION PROGRAM) - De La Salle University",1764658261.4057162
https://www.dlsu.edu.ph/admissions/scholarships/grants/col-student-loan-program,col-student-loan-program - De La Salle University,1764658261.409103
https://www.dlsu.edu.ph/admissions/scholarships/Alvarez-Foundation-Scholarship-Program,Alvarez Foundation Scholarship Program - De La Salle University,1764658261.4160545
https://www.dlsu.edu.ph/admissions/scholarships/wesley-zaidan-foundation,Wesley Zaidan Foundation - De La Salle University,1764658261.5369077
https://www.dlsu.edu.ph/admissions/scholarships/grants/archer-achiever-scholarship,Archer Achiever Scholarship - De La Salle University,1764658261.9570975
https://www.dlsu.edu.ph/admissions/scholarships/st-miguel-febres-cordero-scholarship-program,St. Miguel Febres Cordero Scholarship Program - De La Salle University,1764658262.0443606
https://www.dlsu.edu.ph/admissions/scholarships/grants/star-scholars,Star Scholars - De La Salle University,1764658262.1266258
https://www.dlsu.edu.ph/admissions/scholarships/grants/st-mutien-marie-scholarship-grant-juris-doctor,St. Mutien Marie Scholarship Grant (Juris Doctor) - De La Salle University,1764658262.1840875
https://www.dlsu.edu.ph/admissions/scholarships/grants/vaugirard-scholarship-program,Vaugirard Scholarship Program - De La Salle University,1764658262.5675914
https://www.dlsu.edu.ph/admissions/scholarships/grants/gokongwei-grants,Gokongwei Grants - De La Salle University,1764658262.5971937
https://www.dlsu.edu.ph/admissions/scholarships/grants/br-andrew-gonzalez-academic-scholarship,Br. Andrew Gonzalez Academic Scholarship - De La Salle University,1764658262.7729986
https://www.dlsu.edu.ph/admissions/scholarships/grants/st-la-salle-financial-assistance-grant-for-incoming-grade-11-students,St. La Salle Financial Assistance Grant for Incoming Grade 11 Students - De La Salle University,1764658262.7982848
https://www.dlsu.edu.ph/admissions/scholarships/st-la-salle-financial-assistance-grant,St. La Salle Financial Assistance Grant - De La Salle University,1764658262.9876595
https://www.dlsu.edu.ph/admissions/scholarships/grants/centennial-scholarship-program-csp,Centennial Scholarship Program (CSP) - De La Salle University,1764658263.3044693
https://www.dlsu.edu.ph/admissions/scholarships/grants/brother-president-scholarship-program-bpsp,Brother President Scholarship Program (BPSP) - De La Salle University,1764658263.3382688
https://www.dlsu.edu.ph/wp-content/uploads/pdf/oas/scholarships/faqs-application-to-st-la-salle-financial-assistance-grant-undergraduate-level.pdf,[FILE] faqs-application-to-st-la-salle-financial-assistance-grant-undergraduate-level.pdf,1764658263.4556723
https://www.dlsu.edu.ph/admissions/scholarships/grants/scholarship-for-children-of-co-academic-personnel-scc,Scholarship For Children Of Co-Academic Personnel (SCC) - De La Salle University,1764658263.4711487
https://www.dlsu.edu.ph/admissions/scholarships/grants/scholarship-for-children-of-faculty-scf,Scholarship for Children of Faculty (SCF) - De La Salle University,1764658263.5691547
https://www.dlsu.edu.ph/wp-content/uploads/pdf/oas/scholarships/gfi-list-of-scholarships-program.pdf,[FILE] gfi-list-of-scholarships-program.pdf,1764658263.9053698
https://www.dlsu.edu.ph/wp-content/uploads/pdf/oas/scholarships/essay-guide-questions-ayY2025-2026.pdf,[FILE] essay-guide-questions-ayY2025-2026.pdf,1764658263.915982
https://www.dlsu.edu.ph/admissions/scholarships/grants,Grants - De La Salle University,1764658263.979781
https://www.dlsu.edu.ph/admissions/scholarships/grants/start,Student Assistantship and Resource Training Program (START) - De La Salle University,1764658264.2769477
https://www.dlsu.edu.ph/admissions/scholarships/scholarship-grant-renewal,Scholarship Grant Renewal - De La Salle University,1764658264.4109101
https://www.dlsu.edu.ph/wp-content/uploads/pdf/oas/undergraduate/exemptions-crediting-1819.pdf,[FILE] exemptions-crediting-1819.pdf,1764658264.6542556
https://www.dlsu.edu.ph/admissions/scholarships/contact-us,Contact Us - De La Salle University,1764658264.7235222
https://www.dlsu.edu.ph/admissions/scholarships/scholarship-primers,Scholarship Primers - De La Salle University,1764658264.7968786
https://www.dlsu.edu.ph/admissions/scholarships/downloadable-forms,Downloadable Forms - De La Salle University,1764658264.9474986
https://www.dlsu.edu.ph/admissions/undergraduate/downloadable-forms,Downloadable Forms - De La Salle University,1764658265.4500525
https://www.dlsu.edu.ph/admissions/undergraduate/freshmen-procedures,Frosh Application - De La Salle University,1764658265.5102277
https://www.dlsu.edu.ph/admissions/undergraduate/frosh-application-procedures,Frosh Application Procedures - De La Salle University,1764658265.797074
https://www.dlsu.edu.ph/wp-content/uploads/pdf/oas/undergraduate/crediting-guidelines-for-connect-ed-schools.pdf,[FILE] crediting-guidelines-for-connect-ed-schools.pdf,1764658265.9753997
https://www.dlsu.edu.ph/wp-content/uploads/pdf/oas/undergraduate/transfer-and-2nd-ug-degree-schedule-and-procedures.pdf,[FILE] transfer-and-2nd-ug-degree-schedule-and-procedures.pdf,1764658265.9856331
https://www.dlsu.edu.ph/wp-content/uploads/pdf/oas/undergraduate/confirmation-document-checklist-frosh.pdf,[FILE] confirmation-document-checklist-frosh.pdf,1764658266.1622658
https://www.dlsu.edu.ph/wp-content/uploads/pdf/oas/undergraduate/confirmation-document-checklist-transfer-2nd-ug.pdf,[FILE] confirmation-document-checklist-transfer-2nd-ug.pdf,1764658266.1881132
https://www.dlsu.edu.ph/wp-content/uploads/pdf/oas/undergraduate/requirements-for-confirmation.pdf,[FILE] requirements-for-confirmation.pdf,1764658266.2871847
https://www.dlsu.edu.ph/admissions/undergraduate/transferee-procedures,Transferee Procedures - De La Salle University,1764658266.2958822
https://www.dlsu.edu.ph/admissions/undergraduate/second-degree-procedures,Second Degree Procedures - De La Salle University,1764658266.314995
https://www.dlsu.edu.ph/admissions/graduate/graduate-degree-codes,Graduate Program Offerings - De La Salle University,1764658267.104615
https://www.dlsu.edu.ph/integrated-school/senior-high-school,Senior High School - De La Salle University,1764658267.2720153
https://www.dlsu.edu.ph/wp-content/uploads/pdf/oas/graduate/gs-consent-form-long.pdf,[FILE] gs-consent-form-long.pdf,1764658267.285397
https://www.dlsu.edu.ph/integrated-school/overview/initial-admission-requirements,Initial Admission Requirements - De La Salle University,1764658267.5903585
https://www.dlsu.edu.ph/integrated-school/overview,Overview - De La Salle University,1764658267.639909
https://www.dlsu.edu.ph/integratedschool-test/bulletin,DLSU-IS Bulletin - De La Salle University,1764658267.6848366
https://www.dlsu.edu.ph/wp-content/uploads/pdf/oas/graduate/deferment-of-enrollment.pdf,[FILE] deferment-of-enrollment.pdf,1764658267.7424808
https://www.dlsu.edu.ph/wp-content/uploads/pdf/oas/graduate/gs-consent-form-short.pdf,[FILE] gs-consent-form-short.pdf,1764658267.7860434
https://www.dlsu.edu.ph/admissions/graduate/graduate-procedures,Graduate Application Procedures - De La Salle University,1764658267.8879945
https://www.dlsu.edu.ph/wp-content/uploads/pdf/oas/graduate/department-recommendation-form.pdf,[FILE] department-recommendation-form.pdf,1764658267.8952725
https://www.dlsu.edu.ph/wp-content/uploads/pdf/oas/graduate/credentials-withdrawal-form.pdf,[FILE] credentials-withdrawal-form.pdf,1764658267.9718764
https://www.dlsu.edu.ph/wp-content/uploads/pdf/oas/graduate/gs-enrollment-confirmation.pdf,[FILE] gs-enrollment-confirmation.pdf,1764658268.1502187
https://www.dlsu.edu.ph/admissions/graduate/checklist-local.asp,Requirements Checklist for Local Applicants - De La Salle University,1764658268.4468057
https://www.dlsu.edu.ph/wp-content/uploads/pdf/oas/graduate/agreement-form-for-completion-of-requirements.pdf,[FILE] agreement-form-for-completion-of-requirements.pdf,1764658268.61752
https://www.dlsu.edu.ph/admissions/graduate/graduate-reprocessing-procedures,Graduate Reprocessing Procedures - De La Salle University,1764658268.7196686
https://www.dlsu.edu.ph/wp-content/uploads/pdf/oas/graduate/SOL-procedures.pdf,[FILE] SOL-procedures.pdf,1764658268.8439198
https://www.dlsu.edu.ph/admissions/graduate/requirements-checklist-for-international-applicants,Requirements Checklist for International Applicants - De La Salle University,1764658268.8758323
https://www.dlsu.edu.ph/wp-content/uploads/pdf/oas/graduate/agreement-form-for-completion-of-requirements-law.pdf,[FILE] agreement-form-for-completion-of-requirements-law.pdf,1764658268.8936768
https://www.dlsu.edu.ph/admissions/graduate/graduate-procedures-law,Graduate Application Procedures for the Tañada-Diokno School of Law - De La Salle University,1764658268.9649773
https://www.dlsu.edu.ph/wp-content/uploads/pdf/oas/graduate/col-undertaking.pdf,[FILE] col-undertaking.pdf,1764658269.0577748
https://www.dlsu.edu.ph/wp-content/uploads/pdf/oas/graduate/SOL-procedures-batch-2.pdf,[FILE] SOL-procedures-batch-2.pdf,1764658269.089063
https://www.dlsu.edu.ph/wp-content/uploads/pdf/registrar/gs-projected-tuition-and-fees.pdf,[FILE] gs-projected-tuition-and-fees.pdf,1764658269.310984
https://www4.dlsu.edu.ph/colleges/ccs,College of Computer Studies - De La Salle University,1764658270.6010695
https://www4.dlsu.edu.ph/colleges/bagced,Br. Andrew Gonzalez FSC College of Education - De La Salle University,1764658270.828011
https://www4.dlsu.edu.ph/colleges/soe,School of Economics - De La Salle University,1764658270.8459728
https://www4.dlsu.edu.ph/colleges/col,col - De La Salle University,1764658271.350706
https://www.dlsu.edu.ph/colleges/bagced/overview,Overview - De La Salle University,1764658271.580595
https://www.dlsu.edu.ph/colleges/bagced/office-of-the-dean,Office of the Dean - De La Salle University,1764658271.5838325
https://www.dlsu.edu.ph/colleges/bagced/faculty,faculty - De La Salle University,1764658271.6166205
https://www.dlsu.edu.ph/wp-content/uploads/2018/11/BAGCED-Offshore-and-Extension-Programs.pdf,[FILE] BAGCED-Offshore-and-Extension-Programs.pdf,1764658271.7985914
https://www.dlsu.edu.ph/colleges/bagced/staff,Staff - De La Salle University,1764658271.8425877
https://www.dlsu.edu.ph/colleges/bagced/contact,Contact Information - De La Salle University,1764658271.9684577
https://www.dlsu.edu.ph/colleges/bagced/student-organizations,Student Organizations - De La Salle University,1764658272.1474507
https://www.dlsu.edu.ph/colleges/bagced/operation-big-brother,Operation Big Brother - De La Salle University,1764658272.316461
https://www.dlsu.edu.ph/colleges/bagced/research-archive,Research Archive - De La Salle University,1764658272.624918
https://www.dlsu.edu.ph/colleges/bagced/academic-departments,Academic Departments - De La Salle University,1764658272.6343966
https://www.dlsu.edu.ph/colleges/bagced/ciesol,Center for International English for Speakers of Other Languages (CIESOL) - De La Salle University,1764658272.804412
https://www.dlsu.edu.ph/colleges/bagced/st-la-salle-preschool,St. La Salle Preschool - De La Salle University,1764658272.828046
https://www.dlsu.edu.ph/colleges/bagced/elsi,ELSI - De La Salle University,1764658273.0531116
https://www.dlsu.edu.ph/colleges/bagced/hanunoo-mangyan-language-documentation-project,Hanunoo Mangyan Language Documentation Project - De La Salle University,1764658273.1524909
